Title,Company,Location
Junior Python Developer,HTD Careers Pvt Ltd,"Bengaluru, Karnataka"
Junior Python Backend Developer,Finpoint,"Bengaluru, Karnataka"
Python Data Pipeline Developer,AbodeMine Real Estate,"Remote in Bengaluru, Karnataka"
python developer,pentoz technology,"Bengaluru, Karnataka"
Junior python developers,Aritha,"Bengaluru, Karnataka"
Full Stack Developer,Acuitey solutions,"Bengaluru, Karnataka"
Python Developer (Trainee),Everforce Software India,"Bengaluru, Karnataka"
Web Developer,Accenture,"Bengaluru, Karnataka"
Rust Cython and Python developer,Winbold,"Bengaluru, Karnataka"
Python Developer,BOTmantra,"Bengaluru, Karnataka"
fresher job(Software Developer),Thanu Associates,"Bengaluru, Karnataka"
Python Developer,Codehop Interfusion Private Limited,"Bengaluru, Karnataka"
Python Developer,Pattern Effects Labs,"Bengaluru, Karnataka"
Python IoT Developer,Thingularity Consulting Pvt. Ltd.,"BTM Layout, Bengaluru, Karnataka"
Python Developer,SmartQ Bottle Lab Technologies Pvt Ltd,"Bengaluru, Karnataka"
SQL Developer,Insure Pro 2.0,"Whitefield, Bengaluru, Karnataka"
Developer,HCL Technologies,"Bengaluru, Karnataka"
Python Developer,Hutech Solutions,"Bengaluru, Karnataka"
Python Developer Intern,Ayursh,"Bengaluru, Karnataka"
Python FSD Developer,Virtusa,"Hybrid work in Bengaluru, Karnataka"
Python Developer,Capace Software Private Limited,"J. P. Nagar, Bengaluru, Karnataka"
Python developer,Aritha,"JP Nagar, Bengaluru, Karnataka"
Application Developer,Accenture,"Bengaluru, Karnataka"
Python Developer,Ascent HR,"Bengaluru, Karnataka"
Python Developer,"Intelliswift Software, Inc.","Bengaluru, Karnataka"
Python ML Developer,Infosys,"Bengaluru, Karnataka"
Python - Software Developer - Freelancing / Part time,Brand Animators,"Bengaluru, Karnataka"
Python Backend Developer,Encora,"Bengaluru, Karnataka"
ReactJS frontend and FastAPI/Python and backend developer,Winbold,"Bengaluru, Karnataka"
Python Django Developer,Tech4Biz Solutions Pvt Ltd,"Bengaluru, Karnataka"
Python Developer,Manasio Pvt Ltd,"Electronic City, Bengaluru, Karnataka"
SQL + Python Developer,Sarvajith Infotech,"Bengaluru, Karnataka"
Python developer,TECH NEXT,"Bengaluru, Karnataka"
Python Developer (Q3-25) (PP),Infosys,"Bengaluru, Karnataka"
Python/Web Developer,Qantom Software,"Bengaluru, Karnataka"
Python Developer,SilentEight,"Remote in Bengaluru, Karnataka"
Sr. Python Developer,Hiretick,"Bengaluru, Karnataka"
Python Developer,VAYUZ Technologies Private Limited,"Bangalore Urban District, Karnataka"
Python Developer,PradeepIT Consulting Services,"Bengaluru, Karnataka"
Python Developer,iTDAY India,"Bengaluru, Karnataka"
Junior Python Developer / Senior Python Developer in Bangalore,Five Feed Learning Solutions Pvt. Ltd.,"Bengaluru, Karnataka"
Software Developer Intern,Bixware Technologies Pvt Ltd,"Bengaluru, Karnataka"
Python Developer/AI Engineer,Giniminds Solutions Private Limited,"Bengaluru, Karnataka"
Python Developer,mquotient,"Bengaluru, Karnataka"
Python Full Stack Developer,Aeolus Aero Tech Private Limited,"Kasturinagar, Bengaluru, Karnataka"
Python Developer,Day One Technologies,"Bengaluru, Karnataka"
Applications Developer,Oracle,"Bengaluru, Karnataka"
Senior Python Developer,A2Z Hire,"Bengaluru, Karnataka"
Python Developer,Infosys,"Bengaluru, Karnataka"
Python Developer,ProPMO Services Pvt. Ltd,"Bengaluru, Karnataka"
Java Developer,Infosys,"Bengaluru, Karnataka"
Application Developer,acesoftlabs,"Bengaluru, Karnataka"
Senior Python API Developer,TECH NEXT,"Bengaluru, Karnataka"
Backend Developer,Hiretick,"Bengaluru, Karnataka"
Python-Intern,SS Supply Chain Solutions,"Bengaluru, Karnataka"
Python Developer,iNetFrame Technologies,"Bengaluru, Karnataka"
Python Developer,Kramah Software India,"Bengaluru, Karnataka"
DE-AE-Python-FastAPI Developer-GDSF,EY,"Bengaluru, Karnataka"
Python Developer,Digitalflake,"Bengaluru, Karnataka"
Python developer,Mern Plus Technologies,"Bengaluru, Karnataka"
